{"cameraMode":{"drawMode":0,"name":"Shaded","section":"Shading Mode"},"sceneLighting":true,"audioPlay":false,"sceneViewState":{"m_AlwaysRefresh":false,"showFog":true,"showSkybox":true,"showFlares":true,"showImageEffects":true,"showParticleSystems":true,"showVisualEffectGraphs":true,"m_FxEnabled":true},"in2DMode":false,"pivot":{"x":-1.750100016593933,"y":1.1308953762054444,"z":134.84974670410157},"rotation":{"x":-0.025654403492808343,"y":-0.108652263879776,"z":0.002805097494274378,"w":-0.9937454462051392},"size":57.44850158691406,"orthographic":false}